Date,OrderID,Order Category,Order Value,Number of Items,Shipping Method,Discount %
2023-12-03,1161,Clothing,133.98,7,standard,14
2023-12-03,7386,Clothing,14.42,4,standard,8
2023-12-03,8346,Pet Supplies,15.15,1,priority,2
2023-12-04,4064,Clothing,112.18,7,standard,14
2023-12-04,6426,Clothing,173.48,10,standard,20
2023-12-04,4240,Clothing,191.46,9,standard,18
2023-12-04,8923,Pet Supplies,24.88,4,priority,8
2023-12-04,6955,Electronics,41.09,2,priority,4
2023-12-05,6517,Electronics,3.37,2,priority,4
2023-12-05,5492,Clothing,53.2,7,priority,14
2023-12-05,2546,Pet Supplies,18.4,1,standard,2
2023-12-05,6588,Pet Supplies,9.42,1,standard,2
2023-12-05,3360,Electronics,11.27,2,priority,4
2023-12-06,3263,Electronics,18.65,1,standard,2
2023-12-06,8773,Clothing,73.68,5,priority,10
2023-12-06,2182,Electronics,27.81,10,standard,20
2023-12-06,9806,Electronics,12.45,2,priority,4
2023-12-06,2198,Electronics,25.62,1,priority,2
2023-12-06,8081,Pet Supplies,84.07,8,standard,16
2023-12-06,8566,Electronics,111.61,5,standard,10
2023-12-06,5000,Clothing,174.15,7,priority,14
2023-12-07,7321,Electronics,25.05,3,priority,6
2023-12-07,8836,Electronics,3.13,1,standard,2
2023-12-07,3374,Electronics,126.83,6,standard,12
2023-12-07,9029,Pet Supplies,128.74,8,standard,16
2023-12-07,7693,Electronics,182.61,9,priority,18
2023-12-07,1377,Pet Supplies,200.43,9,priority,18
2023-12-08,8345,Clothing,64.12,3,standard,6
2023-12-08,8736,Clothing,4.4,4,priority,8
2023-12-08,6223,Clothing,57.19,5,priority,10
2023-12-09,7408,Pet Supplies,9.96,1,priority,2
2023-12-09,4379,Clothing,81.97,3,standard,6
2023-12-09,9231,Clothing,137.12,7,priority,14
2023-12-09,1061,Pet Supplies,177.92,10,standard,20
2023-12-10,9275,Clothing,70.2,5,standard,10
2023-12-10,4666,Electronics,48.11,10,standard,20
2023-12-10,5756,Electronics,3.41,1,priority,2
2023-12-10,8751,Electronics,28.56,2,priority,4
2023-12-10,8433,Pet Supplies,129.52,8,standard,16
2023-12-10,8036,Pet Supplies,14.69,3,priority,6
2023-12-10,9338,Pet Supplies,80.74,8,priority,16
2023-12-11,5963,Clothing,1.86,1,standard,2
2023-12-11,8094,Electronics,41.83,7,priority,14
2023-12-11,2154,Clothing,62.44,3,priority,6
2023-12-11,1845,Electronics,11.5,7,standard,14
2023-12-12,9489,Electronics,161.25,10,priority,20
2023-12-12,9777,Electronics,10.32,6,standard,12
2023-12-12,2338,Clothing,87.99,6,standard,12
2023-12-12,9767,Pet Supplies,193.53,8,standard,16
2023-12-13,9300,Pet Supplies,101.79,7,standard,14
2023-12-13,1064,Clothing,34.91,4,standard,8
2023-12-13,9532,Pet Supplies,56.76,4,priority,8
2023-12-13,8330,Pet Supplies,53.14,5,priority,10
2023-12-13,7773,Pet Supplies,234.7,8,standard,16
2023-12-13,1999,Electronics,88.48,9,standard,18
2023-12-14,1087,Pet Supplies,30.19,2,priority,4
2023-12-14,1643,Electronics,235.56,10,priority,20
2023-12-14,9271,Pet Supplies,47.01,2,standard,4
2023-12-14,7867,Electronics,62.88,5,standard,10
2023-12-15,2036,Electronics,51.03,5,standard,10
2023-12-15,5123,Clothing,52.21,4,priority,8
2023-12-15,7208,Clothing,54.7,9,standard,18
2023-12-15,8621,Clothing,99.36,6,priority,12
2023-12-15,4654,Pet Supplies,188.92,10,standard,20
2023-12-15,3015,Clothing,11.13,1,priority,2
2023-12-16,3630,Pet Supplies,44.39,2,standard,4
2023-12-16,1602,Pet Supplies,62.61,3,priority,6
2023-12-16,2505,Clothing,34.54,3,priority,6
2023-12-16,8693,Clothing,119.47,4,priority,8
2023-12-16,8093,Clothing,231.26,8,standard,16
2023-12-16,4131,Electronics,37.69,5,standard,10
2023-12-16,7435,Electronics,115.32,10,standard,20
2023-12-16,6215,Pet Supplies,203.45,10,priority,20
2023-12-16,1266,Pet Supplies,133.29,8,priority,16
2023-12-17,3546,Electronics,99.71,10,priority,20
2023-12-17,9738,Electronics,79.95,3,standard,6
2023-12-17,1261,Clothing,15.06,8,standard,16
2023-12-17,8143,Pet Supplies,131.34,7,priority,14
2023-12-17,4107,Clothing,100.88,9,priority,18
2023-12-17,4655,Electronics,31.66,5,standard,10
2023-12-18,4421,Clothing,123.83,8,standard,16
2023-12-18,8454,Electronics,43.11,2,standard,4
2023-12-18,5588,Pet Supplies,26.15,1,priority,2
2023-12-18,9418,Electronics,35.19,4,standard,8
2023-12-19,1888,Clothing,174.5,10,standard,20
2023-12-19,6114,Clothing,6.31,3,standard,6
2023-12-19,4212,Electronics,34.22,4,standard,8
2023-12-19,9371,Clothing,165.68,8,priority,16
2023-12-19,6997,Pet Supplies,36.28,2,priority,4
2023-12-19,4052,Pet Supplies,142.39,7,priority,14
2023-12-19,4807,Pet Supplies,49.58,5,standard,10
2023-12-19,8685,Electronics,47.27,6,standard,12
2023-12-20,3013,Clothing,50.97,4,standard,8
2023-12-20,7639,Electronics,113.26,6,standard,12
2023-12-20,5042,Pet Supplies,25.93,3,priority,6
2023-12-20,8350,Pet Supplies,164.3,8,standard,16
2023-12-20,8158,Electronics,7.94,6,standard,12
2023-12-20,8329,Clothing,80.23,3,priority,6
2023-12-20,1254,Clothing,104.48,9,standard,18
2023-12-20,4337,Electronics,75.86,10,priority,20
2023-12-20,9178,Clothing,28.01,1,standard,2
2023-12-20,3613,Clothing,71.07,5,standard,10
2023-12-21,4503,Pet Supplies,132.82,6,standard,12
2023-12-21,4481,Pet Supplies,21.09,1,standard,2
2023-12-21,4482,Pet Supplies,88.95,3,standard,6
2023-12-21,5960,Pet Supplies,29.92,1,priority,2
2023-12-21,5829,Pet Supplies,64.57,5,standard,10
2023-12-21,5713,Pet Supplies,144.04,9,priority,18
2023-12-21,7058,Clothing,107.11,10,priority,20
2023-12-21,5392,Electronics,47.39,3,standard,6
2023-12-22,9760,Pet Supplies,23.42,1,standard,2
2023-12-22,5431,Electronics,10.11,2,standard,4
2023-12-22,9572,Electronics,4.35,1,priority,2
2023-12-23,9968,Clothing,89.9,3,priority,6
2023-12-23,9604,Electronics,28.71,1,standard,2
2023-12-23,5063,Pet Supplies,172.43,7,priority,14
2023-12-23,7926,Clothing,14.48,2,standard,4
2023-12-23,9399,Pet Supplies,132.46,10,priority,20
2023-12-24,1605,Pet Supplies,212.25,9,priority,18
2023-12-24,6640,Electronics,46.35,6,standard,12
2023-12-24,6247,Clothing,227.66,9,priority,18
2023-12-24,3658,Electronics,43.47,4,priority,8
2023-12-24,6796,Electronics,90.4,5,priority,10
2023-12-24,3665,Electronics,61.81,4,priority,8
2023-12-24,8820,Pet Supplies,17.59,4,standard,8
2023-12-25,5705,Pet Supplies,18.6,4,priority,8
2023-12-25,9996,Pet Supplies,38.59,6,standard,12
2023-12-25,4139,Clothing,34.08,2,standard,4
2023-12-25,1068,Clothing,30.77,4,standard,8
2023-12-25,5033,Electronics,197.83,7,standard,14
2023-12-25,8679,Pet Supplies,26.84,3,standard,6
2023-12-25,2143,Clothing,11.44,5,standard,10
2023-12-26,9884,Pet Supplies,42.71,3,standard,6
2023-12-26,5629,Pet Supplies,73.5,10,priority,20
2023-12-26,8599,Clothing,25.57,1,priority,2
2023-12-26,5296,Clothing,37.43,4,priority,8
2023-12-26,4468,Clothing,73.36,5,priority,10
2023-12-27,6905,Clothing,11.07,1,standard,2
2023-12-27,2040,Electronics,32.42,4,standard,8
2023-12-27,6023,Electronics,78.08,6,standard,12
2023-12-27,4927,Electronics,67.55,4,standard,8
2023-12-27,8953,Pet Supplies,47.03,2,priority,4
2023-12-27,2756,Clothing,1.75,1,priority,2
2023-12-27,8660,Electronics,62.5,9,priority,18
2023-12-27,4083,Electronics,186.82,9,priority,18
2023-12-27,3637,Pet Supplies,131.63,7,priority,14
2023-12-27,6583,Pet Supplies,51.19,5,priority,10
2023-12-28,3375,Electronics,25.02,2,priority,4
2023-12-28,5895,Clothing,182.35,8,priority,16
2023-12-28,3724,Clothing,171.95,6,priority,12
2023-12-29,4986,Clothing,36.45,3,standard,6
2023-12-29,1976,Pet Supplies,50.02,5,priority,10
2023-12-29,7167,Pet Supplies,18.86,1,standard,2
2023-12-29,7973,Electronics,160.24,8,standard,16
2023-12-30,8169,Electronics,65.8,6,standard,12
2023-12-30,2014,Pet Supplies,14.54,1,priority,2
2023-12-30,9110,Pet Supplies,131.17,7,priority,14
2023-12-30,1920,Electronics,68.72,8,priority,16
2023-12-30,7479,Pet Supplies,194.13,7,priority,14
2023-12-30,6430,Pet Supplies,6.4,1,standard,2
2023-12-30,3140,Clothing,9.16,2,standard,4
2023-12-31,1460,Electronics,251.48,9,priority,18
2023-12-31,5462,Electronics,52.07,3,priority,6
2023-12-31,5749,Clothing,33.94,10,standard,20
2023-12-31,5448,Electronics,26.7,1,standard,2
2023-12-31,3261,Clothing,99.94,6,priority,12
2024-01-01,4160,Pet Supplies,200.06,9,standard,18
2024-01-01,8915,Pet Supplies,194.81,10,standard,20
2024-01-01,4704,Electronics,28.62,5,priority,10
2024-01-01,2120,Pet Supplies,52.55,6,priority,12
2024-01-01,3073,Electronics,173.56,6,priority,12
2024-01-01,3330,Pet Supplies,146.56,8,priority,16
2024-01-01,3242,Pet Supplies,11.36,1,priority,2
2024-01-02,4681,Clothing,139.4,5,standard,10
2024-01-02,7920,Clothing,185.17,8,priority,16
2024-01-02,2963,Pet Supplies,55.17,8,priority,16
2024-01-02,8496,Pet Supplies,42.41,3,priority,6
2024-01-02,9285,Electronics,8.09,4,standard,8
2024-01-02,8623,Clothing,19.91,9,priority,18
2024-01-03,7858,Clothing,237.89,8,standard,16
2024-01-03,7956,Clothing,128.35,9,priority,18
2024-01-03,6173,Clothing,208.41,8,priority,16
2024-01-04,7007,Clothing,65.64,3,priority,6
2024-01-04,9866,Pet Supplies,23.83,1,priority,2
2024-01-04,1405,Clothing,38.62,2,priority,4
2024-01-05,2663,Pet Supplies,77.4,3,standard,6
2024-01-05,5572,Electronics,113.4,5,priority,10
2024-01-05,6465,Pet Supplies,81.61,4,priority,8
2024-01-05,2613,Electronics,17.97,3,standard,6
2024-01-05,7364,Electronics,214.19,10,priority,20
2024-01-05,5788,Pet Supplies,112.39,4,standard,8
2024-01-05,1133,Electronics,228.08,8,priority,16
2024-01-05,3486,Clothing,199.2,9,priority,18
2024-01-05,3438,Pet Supplies,107.93,7,priority,14
2024-01-05,2918,Pet Supplies,52.8,3,standard,6
2024-01-06,9977,Electronics,189.85,7,priority,14
2024-01-06,1613,Pet Supplies,57.93,4,standard,8
2024-01-06,2334,Electronics,199.46,8,standard,16
2024-01-06,7539,Pet Supplies,18.43,1,standard,2
2024-01-06,4358,Clothing,72.01,8,standard,16
2024-01-06,7152,Clothing,135.57,8,priority,16
2024-01-07,5374,Clothing,43.98,5,standard,10
2024-01-07,2305,Pet Supplies,174.52,9,standard,18
2024-01-07,8180,Clothing,143.31,6,priority,12
2024-01-07,1374,Pet Supplies,4.77,4,priority,8
2024-01-07,6237,Pet Supplies,36.84,2,priority,4
2024-01-07,8258,Clothing,19.12,6,standard,12
2024-01-07,9050,Electronics,20.98,1,standard,2
2024-01-07,9857,Pet Supplies,70.86,4,standard,8
2024-01-08,5600,Pet Supplies,80.22,4,priority,8
2024-01-08,2768,Pet Supplies,102.17,5,standard,10
2024-01-08,2059,Clothing,14.7,4,standard,8
2024-01-08,8596,Clothing,72.51,7,priority,14
2024-01-08,2600,Electronics,164.1,8,standard,16
2024-01-08,4525,Clothing,19.8,4,standard,8
2024-01-09,5514,Pet Supplies,59.21,2,standard,4
2024-01-09,1322,Pet Supplies,10.55,1,priority,2
2024-01-09,8133,Pet Supplies,96.15,5,priority,10
2024-01-10,7966,Clothing,77.86,3,standard,6
2024-01-10,1450,Electronics,1.17,1,priority,2
2024-01-10,9489,Clothing,118.82,4,standard,8
2024-01-10,1068,Clothing,5.54,5,standard,10
2024-01-10,3236,Pet Supplies,30.21,4,priority,8
2024-01-10,8588,Pet Supplies,27.69,2,priority,4
2024-01-10,2677,Electronics,40.15,7,priority,14
2024-01-11,3183,Clothing,189.83,7,standard,14
2024-01-11,2421,Electronics,114.56,6,standard,12
2024-01-11,3516,Clothing,46.48,6,standard,12
2024-01-11,8447,Clothing,123.13,6,standard,12
2024-01-12,5220,Electronics,144.0,5,standard,10
2024-01-12,3054,Electronics,81.87,9,priority,18
2024-01-12,7050,Clothing,134.45,5,standard,10
2024-01-12,7015,Electronics,163.08,10,priority,20
2024-01-12,4486,Electronics,40.16,8,standard,16
2024-01-12,5889,Electronics,5.22,1,standard,2
2024-01-12,3339,Electronics,24.02,2,standard,4
2024-01-12,9586,Clothing,74.85,7,standard,14
2024-01-13,2232,Electronics,60.53,3,priority,6
2024-01-13,5793,Pet Supplies,94.17,5,priority,10
2024-01-13,5856,Clothing,223.06,8,standard,16
2024-01-14,7534,Pet Supplies,99.31,4,standard,8
2024-01-14,1084,Electronics,83.01,3,priority,6
2024-01-14,2797,Electronics,16.46,5,priority,10
2024-01-15,2348,Electronics,112.75,9,standard,18
2024-01-15,8642,Pet Supplies,10.09,1,priority,2
2024-01-15,7243,Clothing,60.69,3,standard,6
2024-01-16,2777,Electronics,61.35,6,standard,12
2024-01-16,1687,Clothing,46.49,2,priority,4
2024-01-16,6032,Clothing,149.87,8,priority,16
2024-01-16,6633,Clothing,67.66,3,standard,6
2024-01-17,6849,Pet Supplies,30.51,4,priority,8
2024-01-17,4256,Electronics,54.22,7,standard,14
2024-01-17,4283,Electronics,65.57,8,standard,16
2024-01-18,3705,Clothing,9.78,4,priority,8
2024-01-18,3294,Clothing,173.37,9,standard,18
2024-01-18,9016,Electronics,35.44,6,priority,12
2024-01-18,4401,Clothing,79.69,3,priority,6
2024-01-18,7716,Pet Supplies,21.61,5,priority,10
2024-01-19,1766,Electronics,25.63,3,priority,6
2024-01-19,1795,Electronics,184.79,7,standard,14
2024-01-19,9370,Electronics,147.67,9,priority,18
2024-01-19,9496,Clothing,111.19,8,priority,16
2024-01-19,8802,Pet Supplies,67.95,10,standard,20
2024-01-20,1580,Electronics,86.7,4,priority,8
2024-01-20,7512,Pet Supplies,158.79,10,standard,20
2024-01-20,3627,Pet Supplies,33.82,4,standard,8
2024-01-21,8029,Pet Supplies,51.54,3,priority,6
2024-01-21,4241,Pet Supplies,12.22,6,priority,12
2024-01-21,7214,Clothing,15.49,1,priority,2
2024-01-21,5074,Electronics,260.72,10,standard,20
2024-01-22,3280,Electronics,25.2,7,standard,14
2024-01-22,6262,Electronics,41.78,5,standard,10
2024-01-22,8124,Clothing,25.98,6,standard,12
2024-01-22,1732,Clothing,78.56,3,priority,6
2024-01-22,9210,Clothing,11.44,2,standard,4
2024-01-23,1824,Pet Supplies,233.59,8,priority,16
2024-01-23,3257,Pet Supplies,156.82,8,priority,16
2024-01-23,8348,Electronics,149.57,7,priority,14
2024-01-23,3222,Pet Supplies,38.64,6,standard,12
2024-01-23,8441,Pet Supplies,56.64,5,priority,10
2024-01-24,8355,Clothing,137.87,10,priority,20
2024-01-24,3340,Pet Supplies,296.59,10,standard,20
2024-01-24,7492,Pet Supplies,64.56,8,standard,16
2024-01-24,1404,Electronics,15.36,2,standard,4
2024-01-24,7221,Clothing,133.17,10,priority,20
2024-01-24,4900,Pet Supplies,83.74,7,standard,14
2024-01-25,6079,Clothing,79.26,8,standard,16
2024-01-25,6676,Clothing,25.8,1,standard,2
2024-01-25,5739,Clothing,208.02,10,priority,20
2024-01-25,2891,Clothing,35.03,9,standard,18
2024-01-25,7546,Electronics,53.06,9,standard,18
2024-01-26,5922,Clothing,16.58,3,priority,6
2024-01-26,6881,Pet Supplies,143.19,9,priority,18
2024-01-26,7634,Clothing,228.83,8,priority,16
2024-01-26,4983,Clothing,55.49,5,priority,10
2024-01-26,1519,Electronics,30.22,6,standard,12
2024-01-26,1982,Pet Supplies,158.1,9,priority,18
2024-01-26,6588,Clothing,123.51,6,standard,12
2024-01-26,1862,Electronics,16.68,2,standard,4
2024-01-26,9465,Pet Supplies,45.61,6,priority,12
2024-01-27,2352,Pet Supplies,240.67,10,priority,20
2024-01-27,1258,Electronics,26.83,7,priority,14
2024-01-27,3378,Pet Supplies,8.49,4,priority,8
2024-01-27,6457,Pet Supplies,10.62,1,priority,2
2024-01-27,7731,Pet Supplies,138.7,7,priority,14
2024-01-27,8576,Pet Supplies,101.47,10,standard,20
2024-01-27,2693,Clothing,92.62,7,priority,14
2024-01-27,6995,Electronics,95.9,6,priority,12
2024-01-27,7753,Pet Supplies,19.83,4,priority,8
2024-01-28,6065,Pet Supplies,81.76,8,priority,16
2024-01-28,8843,Electronics,17.03,6,standard,12
2024-01-28,8064,Pet Supplies,103.17,9,priority,18
2024-01-28,1785,Electronics,107.23,4,standard,8
2024-01-28,9239,Clothing,67.23,10,priority,20
2024-01-29,7936,Electronics,33.41,4,priority,8
2024-01-29,1810,Pet Supplies,14.82,1,priority,2
2024-01-29,6001,Electronics,74.72,4,standard,8
2024-01-29,6136,Pet Supplies,68.73,3,standard,6
2024-01-29,1155,Electronics,10.19,9,standard,18
2024-01-29,9404,Pet Supplies,84.89,8,standard,16
2024-01-29,7241,Electronics,70.26,3,priority,6
2024-01-29,4435,Pet Supplies,106.66,4,standard,8
2024-01-29,6434,Pet Supplies,21.13,2,priority,4
2024-01-30,9796,Pet Supplies,71.82,8,standard,16
2024-01-30,5121,Pet Supplies,200.26,10,priority,20
2024-01-30,6707,Electronics,122.76,5,priority,10
2024-01-30,1545,Pet Supplies,50.13,10,priority,20
2024-01-30,1216,Clothing,29.9,2,priority,4
2024-01-30,6996,Pet Supplies,29.74,1,standard,2
2024-01-30,1122,Electronics,159.41,6,standard,12
2024-01-30,9704,Clothing,26.37,4,priority,8
2024-01-30,8417,Pet Supplies,55.59,5,standard,10
2024-01-30,6223,Electronics,88.76,7,priority,14
2024-01-31,6490,Clothing,113.31,6,standard,12
2024-01-31,7118,Pet Supplies,126.49,6,priority,12
2024-01-31,8738,Clothing,207.75,8,priority,16
2024-01-31,2638,Electronics,92.7,9,priority,18
2024-01-31,2675,Clothing,25.68,3,priority,6
2024-01-31,5553,Pet Supplies,89.93,4,standard,8
2024-01-31,5435,Pet Supplies,167.06,6,standard,12
2024-02-01,9857,Electronics,125.91,5,priority,10
2024-02-01,5668,Pet Supplies,78.4,8,standard,16
2024-02-01,1988,Pet Supplies,185.22,7,priority,14
2024-02-01,6425,Pet Supplies,20.04,8,standard,16
2024-02-01,5832,Electronics,11.16,3,standard,6
2024-02-01,4334,Electronics,50.71,10,priority,20
2024-02-02,6339,Pet Supplies,101.37,8,standard,16
2024-02-02,4002,Pet Supplies,91.11,6,standard,12
2024-02-02,1394,Electronics,47.94,2,priority,4
2024-02-02,8187,Clothing,199.18,9,standard,18
2024-02-02,5923,Electronics,51.73,3,standard,6
2024-02-02,3754,Clothing,67.86,3,standard,6
2024-02-03,5305,Clothing,10.24,3,standard,6
2024-02-03,1861,Pet Supplies,179.59,6,standard,12
2024-02-03,3443,Pet Supplies,174.5,10,standard,20
2024-02-03,6230,Clothing,44.53,2,priority,4
2024-02-04,1262,Electronics,17.72,4,priority,8
2024-02-04,4906,Clothing,212.48,8,standard,16
2024-02-04,9417,Clothing,112.16,5,priority,10
2024-02-04,5383,Clothing,20.08,1,priority,2
2024-02-04,4265,Electronics,63.92,7,priority,14
2024-02-04,2665,Clothing,112.33,5,priority,10
2024-02-04,1490,Electronics,254.55,10,standard,20
2024-02-04,5922,Clothing,89.83,7,standard,14
2024-02-04,5596,Electronics,24.44,5,priority,10
2024-02-04,4031,Clothing,70.21,3,priority,6
2024-02-05,7483,Pet Supplies,21.41,1,standard,2
2024-02-05,7708,Electronics,38.23,6,standard,12
2024-02-05,9298,Clothing,39.69,3,priority,6
2024-02-05,4859,Pet Supplies,41.9,3,standard,6
2024-02-05,2086,Electronics,4.32,3,standard,6
2024-02-05,3277,Electronics,52.17,4,priority,8
2024-02-05,3623,Pet Supplies,27.1,1,priority,2
2024-02-05,9323,Clothing,47.09,4,standard,8
2024-02-06,2541,Clothing,75.58,4,priority,8
2024-02-06,6732,Pet Supplies,131.2,5,standard,10
2024-02-06,6090,Pet Supplies,71.48,9,standard,18
2024-02-06,9689,Electronics,90.35,5,standard,10
2024-02-06,2809,Clothing,31.82,3,priority,6
2024-02-06,4019,Electronics,117.17,4,priority,8
2024-02-06,1648,Clothing,144.49,9,standard,18
2024-02-06,1437,Clothing,76.37,5,standard,10
2024-02-07,3665,Clothing,77.66,10,standard,20
2024-02-07,9807,Pet Supplies,91.15,6,standard,12
2024-02-07,2167,Electronics,115.08,8,priority,16
2024-02-07,3578,Electronics,20.43,1,priority,2
2024-02-07,2065,Clothing,24.26,3,priority,6
2024-02-07,7491,Electronics,166.96,8,priority,16
2024-02-07,2862,Pet Supplies,86.16,3,standard,6
2024-02-08,6213,Clothing,58.69,3,priority,6
2024-02-08,6553,Clothing,31.23,8,priority,16
2024-02-08,2600,Pet Supplies,22.33,3,priority,6
2024-02-08,2519,Pet Supplies,177.19,7,standard,14
2024-02-08,3349,Electronics,114.69,9,priority,18
2024-02-08,4170,Pet Supplies,83.88,10,priority,20
2024-02-08,7867,Clothing,20.23,1,priority,2
2024-02-09,7016,Clothing,146.3,7,priority,14
2024-02-09,1311,Electronics,56.47,7,standard,14
2024-02-09,8793,Clothing,173.79,9,standard,18
2024-02-09,4208,Clothing,39.89,5,priority,10
2024-02-09,4078,Electronics,150.63,6,standard,12
2024-02-09,8227,Pet Supplies,86.18,4,priority,8
2024-02-09,2080,Electronics,80.55,8,priority,16
2024-02-10,9349,Clothing,15.05,2,priority,4
2024-02-10,3447,Pet Supplies,30.0,3,priority,6
2024-02-10,6029,Clothing,167.36,6,standard,12
2024-02-10,9582,Clothing,213.79,8,standard,16
2024-02-10,3427,Electronics,15.38,1,standard,2
2024-02-10,9823,Pet Supplies,116.23,5,standard,10
2024-02-11,2159,Electronics,156.13,7,priority,14
2024-02-11,4221,Pet Supplies,2.0,1,priority,2
2024-02-11,2517,Pet Supplies,56.61,4,priority,8
2024-02-11,9271,Clothing,31.51,4,standard,8
2024-02-12,1638,Electronics,64.49,6,standard,12
2024-02-12,9403,Electronics,21.24,2,standard,4
2024-02-12,9568,Pet Supplies,22.92,1,standard,2
2024-02-12,2631,Clothing,101.27,4,priority,8
2024-02-12,2696,Clothing,238.75,10,priority,20
2024-02-12,8380,Electronics,5.22,2,standard,4
2024-02-13,8274,Clothing,20.16,10,priority,20
2024-02-13,1539,Electronics,25.61,1,standard,2
2024-02-13,3129,Pet Supplies,10.54,7,standard,14
2024-02-13,4954,Electronics,35.92,2,standard,4
2024-02-13,4071,Electronics,15.36,8,standard,16
2024-02-13,4177,Pet Supplies,174.15,8,standard,16
2024-02-13,3636,Clothing,64.97,7,standard,14
2024-02-13,1881,Electronics,5.81,1,priority,2
2024-02-13,9781,Electronics,83.05,4,priority,8
2024-02-13,1567,Electronics,2.55,1,standard,2
2024-02-14,8149,Electronics,174.14,9,priority,18
2024-02-14,2544,Pet Supplies,72.85,7,standard,14
2024-02-14,5865,Pet Supplies,92.89,9,priority,18
2024-02-14,3520,Clothing,146.83,10,priority,20
2024-02-14,8224,Electronics,28.35,10,priority,20
2024-02-14,8752,Electronics,179.5,8,standard,16
2024-02-15,4764,Electronics,14.27,7,standard,14
2024-02-15,6499,Clothing,55.04,4,priority,8
2024-02-15,1472,Electronics,167.11,10,priority,20
2024-02-15,9160,Electronics,184.87,8,standard,16
2024-02-15,9503,Electronics,27.32,7,standard,14
2024-02-16,3900,Pet Supplies,79.5,5,standard,10
2024-02-16,7501,Clothing,84.19,8,standard,16
2024-02-16,4791,Pet Supplies,40.88,9,standard,18
2024-02-16,8339,Electronics,47.81,4,standard,8
2024-02-16,6162,Pet Supplies,284.0,10,standard,20
2024-02-16,1798,Pet Supplies,56.27,3,standard,6
2024-02-16,4905,Pet Supplies,12.27,1,standard,2
2024-02-16,3192,Electronics,100.22,10,standard,20
2024-02-16,9352,Clothing,5.39,2,standard,4
2024-02-17,7928,Electronics,6.31,1,priority,2
2024-02-17,8345,Clothing,55.69,9,standard,18
2024-02-17,4995,Clothing,38.94,4,priority,8
2024-02-17,5981,Electronics,75.2,5,priority,10
2024-02-17,6270,Electronics,57.99,2,standard,4
2024-02-17,3492,Clothing,6.98,6,priority,12
2024-02-17,2251,Pet Supplies,5.98,3,standard,6
2024-02-17,4295,Electronics,80.11,3,priority,6
2024-02-17,2404,Pet Supplies,56.19,10,priority,20
2024-02-18,8115,Clothing,90.51,10,standard,20
2024-02-18,6210,Electronics,26.64,10,priority,20
2024-02-18,5812,Electronics,117.84,6,priority,12
2024-02-18,2907,Pet Supplies,230.39,10,priority,20
2024-02-18,6643,Clothing,130.72,7,priority,14
2024-02-18,2236,Electronics,105.36,5,priority,10
2024-02-18,3707,Pet Supplies,103.34,5,priority,10
2024-02-18,8595,Pet Supplies,50.0,2,standard,4
2024-02-18,5478,Electronics,13.24,3,priority,6
2024-02-18,6636,Electronics,108.28,8,standard,16
2024-02-19,5461,Pet Supplies,56.73,2,standard,4
2024-02-19,7511,Electronics,114.4,6,priority,12
2024-02-19,2473,Pet Supplies,114.41,10,standard,20
2024-02-19,4249,Clothing,48.3,2,standard,4
2024-02-19,5834,Pet Supplies,74.37,7,standard,14
2024-02-19,1569,Clothing,156.19,8,standard,16
2024-02-19,5788,Pet Supplies,32.71,3,priority,6
2024-02-19,6965,Electronics,6.98,3,priority,6
2024-02-19,9752,Electronics,14.54,3,priority,6
2024-02-19,9412,Pet Supplies,79.36,3,standard,6
2024-02-20,2319,Electronics,48.32,10,priority,20
2024-02-20,2835,Clothing,104.79,9,priority,18
2024-02-20,8534,Electronics,44.02,5,priority,10
2024-02-20,1987,Electronics,57.59,9,priority,18
2024-02-20,8907,Electronics,12.37,2,priority,4
2024-02-21,7779,Electronics,111.9,4,standard,8
2024-02-21,1350,Pet Supplies,96.04,4,standard,8
2024-02-21,7037,Electronics,29.22,3,priority,6
2024-02-21,3322,Pet Supplies,62.09,8,priority,16
2024-02-21,9195,Pet Supplies,15.59,5,standard,10
2024-02-21,8972,Pet Supplies,25.67,1,standard,2
2024-02-21,7619,Pet Supplies,15.54,5,standard,10
2024-02-21,9637,Clothing,94.26,10,priority,20
2024-02-21,3395,Clothing,112.51,4,priority,8
2024-02-22,9574,Electronics,175.53,10,standard,20
2024-02-22,3193,Electronics,35.48,2,priority,4
2024-02-22,4578,Pet Supplies,53.86,2,standard,4
2024-02-22,9455,Electronics,135.05,10,standard,20
2024-02-22,6876,Clothing,62.61,4,priority,8
2024-02-23,6739,Clothing,16.97,2,standard,4
2024-02-23,1248,Clothing,173.13,10,priority,20
2024-02-23,3403,Pet Supplies,45.42,2,standard,4
2024-02-23,5437,Clothing,207.47,7,standard,14
2024-02-24,9483,Pet Supplies,40.08,6,priority,12
2024-02-24,4201,Electronics,1.72,1,priority,2
2024-02-24,2131,Pet Supplies,37.49,10,standard,20
2024-02-25,6377,Pet Supplies,136.86,7,priority,14
2024-02-25,2750,Electronics,235.75,8,standard,16
2024-02-25,2845,Clothing,251.05,10,priority,20
2024-02-25,9919,Electronics,122.57,10,priority,20
2024-02-25,4279,Pet Supplies,49.57,2,standard,4
2024-02-25,5929,Clothing,51.65,2,priority,4
2024-02-25,8035,Electronics,21.08,6,standard,12
2024-02-25,4898,Pet Supplies,126.01,9,priority,18
2024-02-25,4499,Electronics,32.67,4,priority,8
2024-02-26,3756,Electronics,95.69,7,priority,14
2024-02-26,4023,Clothing,73.2,4,priority,8
2024-02-26,6840,Clothing,123.08,7,standard,14
2024-02-26,8393,Clothing,51.56,2,priority,4
2024-02-26,8884,Clothing,247.09,10,priority,20
2024-02-26,1117,Clothing,37.24,3,standard,6
2024-02-27,3812,Electronics,51.54,2,priority,4
2024-02-27,1784,Pet Supplies,21.69,1,standard,2
2024-02-27,6864,Clothing,66.4,4,standard,8
2024-02-27,5254,Clothing,232.39,8,priority,16
2024-02-27,3576,Pet Supplies,269.06,9,priority,18
2024-02-28,8850,Clothing,35.12,2,standard,4
2024-02-28,1324,Clothing,21.36,5,standard,10
2024-02-28,7419,Electronics,121.9,7,standard,14
2024-02-28,3427,Clothing,273.1,10,priority,20
2024-02-29,4043,Electronics,116.15,4,priority,8
2024-02-29,4437,Clothing,28.96,2,priority,4
2024-02-29,2077,Pet Supplies,83.26,8,priority,16
2024-02-29,2434,Electronics,76.87,4,standard,8
2024-02-29,6229,Pet Supplies,27.9,3,priority,6
2024-02-29,9439,Electronics,23.39,1,priority,2
2024-02-29,8963,Electronics,9.86,1,priority,2
2024-02-29,5081,Pet Supplies,260.91,10,priority,20
2024-02-29,3820,Electronics,103.09,10,standard,20
2024-02-29,3002,Clothing,95.81,6,standard,12
2024-03-01,9850,Electronics,29.1,1,priority,2
2024-03-01,8616,Electronics,93.26,4,priority,8
2024-03-01,9088,Clothing,16.77,2,priority,4
2024-03-01,4051,Electronics,78.42,3,priority,6
2024-03-01,2108,Electronics,12.2,1,priority,2
2024-03-01,9921,Pet Supplies,22.19,1,priority,2
2024-03-01,2860,Electronics,275.55,10,standard,20
2024-03-01,5776,Electronics,133.66,10,standard,20
2024-03-01,6699,Clothing,100.17,6,priority,12
2024-03-02,1297,Pet Supplies,189.02,9,standard,18
2024-03-02,9980,Clothing,66.34,3,priority,6
2024-03-02,7863,Pet Supplies,190.78,10,priority,20
